id,name,hospitalId,specialty,role,experienceYears,languages,qualification,verificationStatus,lastVerified,sources
D-KOL-001,Dr Mahesh Goenka,H-KOL-001,Gastroenterology & Hepatology,,45,[],,verified_official,2026-10-05,"[""SRC_APOLLO_KOL_DOC""]"
D-KOL-002,Dr A K Bardhan,H-KOL-001,Cardiology,Senior Interventional Cardiologist,42,[],"MD, Diploma in Cardiology, FCCP",verified_official,2026-10-05,"[""SRC_APOLLO_KOL_DOC""]"
D-KOL-003,Dr Bivas Biswas,H-KOL-001,Medical Oncology,Senior Consultant Medical Oncology,,[],"MBBS, MD (Paediatrics), DM (Medical Oncology)",verified_official,2026-10-05,"[""SRC_APOLLO_KOL""]"
D-KOL-004,Dr Sandip Ganguly,H-KOL-001,Medical Oncology,Senior Consultant Medical Oncology,,[],"MBBS, MD (General Medicine), DM (Medical Oncology)",verified_official,2026-10-05,"[""SRC_APOLLO_KOL""]"
D-KOL-005,Dr Raj Kalyan Gopala Krishna,H-KOL-002,Urology,Director,,[],,verified_official,2026-10-05,"[""SRC_FORTIS_KOL""]"
D-KOL-006,Dr Ronen Roy,H-KOL-002,Orthopaedics,Director,,[],,verified_official,2026-10-05,"[""SRC_FORTIS_KOL""]"
D-CHN-001,Dr Kailash A Jain,H-CHN-002,Cardiac Surgery / Cardiology,"Director & Clinical Lead, Cardiothoracic & Vascular Surgery",,[],,verified_official,2026-10-05,"[""SRC_MGM_DOC""]"
D-CHN-002,Dr A B Gopalamurugan,H-CHN-002,Interventional Cardiology & Electrophysiology,"Senior Consultant / Director TAVR, Endovascular & Device Therapy",,[],,verified_official,2026-10-05,"[""SRC_MGM_DOC""]"
D-CHN-003,Dr Madan Mohan B,H-CHN-002,Interventional Cardiology,Senior Consultant,,[],,verified_official,2026-10-05,"[""SRC_MGM_DOC""]"
D-HYD-001,Dr Bhishma Chowdary Donepudi,H-HYD-001,Interventional Cardiology,Consultant Interventional Cardiologist,16,"[""Telugu"", ""Hindi"", ""English""]","MD, DM Cardiology, FSCAI",verified_official,2026-10-05,"[""SRC_YASHODA_CARD""]"
D-HYD-002,Dr Damodhar Reddy Gouni,H-HYD-001,Interventional Cardiology,Consultant Interventional Cardiologist,11,"[""English"", ""Telugu"", ""Hindi"", ""Malayalam""]","MBBS, MD (General Medicine), DM (Cardiology)",verified_official,2026-10-05,"[""SRC_YASHODA_CARD""]"
D-HYD-003,Dr D Nageshwar Reddy,H-HYD-003,Gastroenterology,Chairman & Chief of Gastroenterology,,[],,verified_official,2026-10-05,"[""SRC_AIG_DOC""]"
D-HYD-004,Dr G. V. Rao,H-HYD-003,Surgical Gastroenterology & Minimally Invasive Surgery,Chief,,[],,verified_official,2026-10-05,"[""SRC_AIG_DOC""]"
D-HYD-005,Dr C Narasimhan,H-HYD-003,Cardiology / Electrophysiology,Head of Electrophysiology & Senior Consultant Cardiology,,[],,verified_official,2026-10-05,"[""SRC_AIG_DOC""]"
D-NCR-001,Dr Naresh Trehan,H-NCR-001,Cardiac Surgery,"Chairman, Managing Director and Chief Cardiac Surgeon",,[],Diplomate - American Board of Thoracic Surgery; Diplomate - American Board of Surgery,verified_official,2026-10-05,"[""SRC_MEDANTA_CARD""]"
D-NCR-002,Dr R. R. Kasliwal,H-NCR-001,Cardiology,Chairman,,[],"DM (Cardiology), MD (General Medicine), MBBS",verified_official,2026-10-05,"[""SRC_MEDANTA_CARD""]"
D-NCR-003,Dr Ashok Kumar Vaid,H-NCR-001,Medical Oncology,"Chairman, Cancer Care",,[],"DM (Medical Oncology), MD (General Medicine), MBBS",verified_official,2026-10-05,"[""SRC_MEDANTA_ONC""]"
D-NCR-004,Dr Arun Garg,H-NCR-001,Neurology,"Chairman, Neurosciences",,[],"DM (Neurology), MD (General Medicine), MBBS",verified_official,2026-10-05,"[""SRC_MEDANTA_NEURO""]"
D-NCR-005,Dr Atul Kumar Mittal,H-NCR-002,ENT,Chairman,,[],,verified_official,2026-10-05,"[""SRC_FMRI""]"
D-NCR-006,Dr Biswajyoti Hazarika,H-NCR-002,Surgical Oncology,Principal Director,,[],,verified_official,2026-10-05,"[""SRC_FMRI""]"
D-NCR-007,Dr Sahil Kohli,H-NCR-002,Neurology,Additional Director,,[],,verified_official,2026-10-05,"[""SRC_FMRI""]"
D-NCR-008,Dr Balbir Singh,H-NCR-003,Cardiology / Interventional Cardiology / Electrophysiology,,,[],,verified_official,2026-10-05,"[""SRC_MAX_SAKET""]"
D-NCR-009,Dr (Prof) SVS Deo,H-NCR-003,Surgical Oncology,Chairman – Surgical Oncology,35,[],,verified_official,2026-10-05,"[""SRC_MAX_SAKET""]"
D-NCR-010,Dr (Col) Joy Dev Mukherji,H-NCR-003,Neurology,,,[],,verified_official,2026-10-05,"[""SRC_MAX_SAKET""]"
D-NCR-011,Dr Parveen Yadav,H-NCR-005,Oncology,,,[],,verified_official,2026-10-05,"[""SRC_ARTEMIS_ONC""]"
D-NCR-012,Dr Lalit Kumar,H-NCR-005,Oncology,,,[],,verified_official,2026-10-05,"[""SRC_ARTEMIS_ONC""]"
D-BLR-001,Prof. Dr. Nagamalesh U M,H-BLR-002,Cardiology & Interventional Cardiology,Lead Consultant,,[],,verified_official,2026-10-05,"[""SRC_ASTER_CARD""]"
D-BLR-002,Dr Ganeshakrishnan Iyer,H-BLR-002,Cardiovascular & Thoracic Surgery,Lead Consultant,,[],"MBBS, MS, MCh",verified_official,2026-10-05,"[""SRC_ASTER_CARD""]"
D-BLR-003,Dr Nikhil C. Hiremath,H-BLR-002,Neurology,Consultant,,[],,verified_official,2026-10-05,"[""SRC_ASTER_CMI""]"
D-BLR-004,Dr Poovamma C U,H-BLR-002,Breast Oncology & Oncoplasty,Lead & HOD,,[],,verified_official,2026-10-05,"[""SRC_ASTER_CMI""]"
