id,name,city,state,address,phone,beds,internationalSupport,specialties,accreditation,website,appOrPortal,verificationStatus,lastVerified,sources,secondarySources
H-KOL-001,"Apollo Multispeciality Hospitals, EM Bypass, Kolkata",Kolkata,West Bengal,"58, Canal Circular Rd, Kadapara, Phoolbagan, Kankurgachi, Kolkata, West Bengal 700054",033 4420 2122,750,True,"[""Cardiac Sciences"", ""Oncology"", ""Neurosciences"", ""Gastroenterology"", ""Orthopaedics"", ""Transplants"", ""Nephrology"", ""Urology""]","[""JCI""]",https://www.apollohospitals.com/kolkata,Apollo digital booking / patient services,verified_official,2026-10-05,"[""SRC_APOLLO_KOL"", ""SRC_APOLLO_KOL_CONTACT""]",[]
H-KOL-002,"Fortis Hospital Anandapur, Kolkata",Kolkata,West Bengal,"730, Eastern Metropolitan Bypass, Anandapur, Kolkata, West Bengal",,320,True,"[""Urology"", ""GI & Bariatric Surgery"", ""Orthopaedics"", ""Neurology"", ""Cardiology"", ""Nephrology"", ""Pulmonology"", ""Critical Care""]","[""NABH"", ""NABL""]",https://www.fortishealthcare.com/location/fortis-hospital-anandapur-kolkata,Fortis online booking,verified_official,2026-10-05,"[""SRC_FORTIS_KOL""]","[""SRC_PRACTO_FORTIS_KOL""]"
H-CHN-001,"Apollo Hospitals, Greams Road, Chennai",Chennai,Tamil Nadu,"21, Greams Rd, Thousand Lights West, Chennai, Tamil Nadu 600006",08069049756,,True,"[""Cardiac Sciences"", ""Oncology"", ""Neurology"", ""Nephrology"", ""Gastroenterology & Hepatology"", ""Orthopaedics"", ""Urology"", ""Transplants""]","[""JCI"", ""NABH""]",https://www.apollohospitals.com/hospitals/apollo-hospitals-greams-road-chennai,Apollo digital booking / patient services,verified_official,2026-10-05,"[""SRC_APOLLO_CHN""]","[""SRC_PRACTO_APOLLO_CHN""]"
H-CHN-002,MGM Healthcare,Chennai,Tamil Nadu,"No 72, Old No 54, Nelson Manickam Road, Aminjikarai, Chennai 600029",+91 44 4524 2407,400,True,"[""Cardiac Sciences"", ""Heart & Lung Transplantation"", ""Liver Care"", ""Gastro Sciences"", ""Neurology"", ""Neurosurgery"", ""Orthopaedics"", ""Oncology""]",[],https://mgmhealthcare.in/,Patient portal / video consultation,verified_official,2026-10-05,"[""SRC_MGM""]",[]
H-CHN-003,MIOT International,Chennai,Tamil Nadu,"4/112, Mount Poonamallee Road, Manapakkam, Chennai 600089",+91 44 42002288,1000,True,"[""Orthopaedics"", ""Cardiac Sciences"", ""Transplants"", ""Oncology"", ""Neurology"", ""Gastroenterology"", ""Nephrology""]","[""NABH"", ""NABL""]",https://www.miotinternational.com/,International Patient Care,verified_official,2026-10-05,"[""SRC_MIOT"", ""SRC_MIOT_ACC""]",[]
H-CHN-004,"Kauvery Hospital, Chennai",Chennai,Tamil Nadu,"No.199, Luz Church Road, Mylapore, Chennai, Tamil Nadu, India",044 4000 6000,300,True,"[""Cardiology"", ""Neurology"", ""Orthopaedics"", ""Gastroenterology"", ""Nephrology"", ""Critical Care""]",[],https://www.kauveryhospital.com/our-locations/chennai/,Online appointment services,verified_official,2026-10-05,"[""SRC_KAUVERY_CHN""]",[]
H-HYD-001,"Yashoda Hospitals, Hitec City",Hyderabad,Telangana,"Survey No. 41/14, JNTU to Hitech City Main Rd, Khanamet Village, Serilingampally, Hyderabad, Telangana",040 6723 2348,,True,"[""Cardiology"", ""Cardiac Surgery"", ""Oncology"", ""Neurology"", ""Neurosurgery"", ""Nephrology"", ""Transplants"", ""Orthopaedics""]",[],https://www.yashodahospitals.com/locations/hitec-city/,Online appointment / video consultation,verified_official,2026-10-05,"[""SRC_YASHODA_HTC""]",[]
H-HYD-002,"CARE Hospitals, Banjara Hills",Hyderabad,Telangana,"Road No.1, Banjara Hills, Hyderabad, Telangana 500034",+91-40-68106529,435,True,"[""Cardiac Sciences"", ""Gastro Sciences"", ""Nephrology"", ""Neurosciences"", ""Oncology"", ""Orthopaedics"", ""Transplants"", ""Urology""]",[],https://www.carehospitals.com/hospitals/hyderabad/care-hospital-banjara-hills,Online appointment / second opinion,verified_official,2026-10-05,"[""SRC_CARE_BH"", ""SRC_CARE_SPEC""]",[]
H-HYD-003,"AIG Hospitals, Gachibowli",Hyderabad,Telangana,"1-66/AIG/2 to 5, Mindspace Road, Gachibowli, Hyderabad, Telangana 500032",+91 40 4244 4222,,True,"[""Gastroenterology"", ""Liver Sciences"", ""Organ Transplant"", ""Oncology"", ""Cardiac Sciences"", ""Renal Sciences"", ""Pulmonary Sciences"", ""Emergency & Critical Care""]","[""NABH"", ""JCI"", ""NABL"", ""ISO 9001""]",https://aighospitals.com/,AIG Mitr App,verified_official,2026-10-05,"[""SRC_AIG""]",[]
H-NCR-001,"Medanta – The Medicity, Gurugram",Gurugram,Haryana,"CH Baktawar Singh Road, Sector 38, Gurugram, Haryana 122001",+91-880-000-1068,1440,True,"[""Cardiac Care"", ""Cancer Care"", ""Neurosciences"", ""Gastrosciences"", ""Orthopaedics"", ""Renal Care"", ""Liver Transplant"", ""Lung Transplant"", ""Bone Marrow Transplant""]","[""JCI"", ""NABH"", ""NABL""]",https://www.medanta.org/hospitals-near-me/gurugram-hospital,Telemedicine / digital patient services,verified_official_plus_nabh,2026-10-05,"[""SRC_MEDANTA"", ""SRC_MEDANTA_NABH""]",[]
H-NCR-002,"Fortis Memorial Research Institute, Gurugram",Gurugram,Haryana,"Gurugram, Haryana, India",,330,True,"[""Oncology"", ""Cardiology"", ""Cardiac Surgery"", ""Transplants"", ""Neurology"", ""Neurosurgery"", ""Urology"", ""Orthopaedics"", ""Gastroenterology""]","[""JCI"", ""NABH""]",https://www.fortishealthcare.com/location/fortis-memorial-research-institute-gurgaon,Fortis online booking,verified_official,2026-10-05,"[""SRC_FMRI""]",[]
H-NCR-003,"Max Super Speciality Hospital, Saket",New Delhi,Delhi,"1,2, Press Enclave Road, Saket Institutional Area, Saket, New Delhi, Delhi 110017",011-26515050,514,True,"[""Cancer Care"", ""Cardiac Sciences"", ""Neurology"", ""Neurosurgery"", ""Nephrology"", ""Kidney Transplant"", ""Gastroenterology"", ""Liver Transplant"", ""Orthopaedics""]","[""JCI"", ""NABH""]",https://www.maxhealthcare.in/hospital-network/max-super-speciality-hospital-saket,Max online appointment / video consultation,verified_official,2026-10-05,"[""SRC_MAX_SAKET"", ""SRC_MAX_CONTACT""]",[]
H-NCR-004,BLK-Max Super Speciality Hospital,New Delhi,Delhi,"Pusa Rd, Radha Soami Satsang, Rajendra Place, New Delhi, Delhi 110005",011-30403040,539,True,"[""Cancer Care"", ""Cardiac Sciences"", ""Gastroenterology"", ""Neurology"", ""Orthopaedics"", ""Kidney Transplant"", ""Bariatric Surgery""]",[],https://www.maxhealthcare.in/international/en/hospital/blk-max-super-speciality-hospital,Max international patient services,verified_official,2026-10-05,"[""SRC_BLK_MAX"", ""SRC_MAX_CONTACT""]",[]
H-NCR-005,"Artemis Hospital, Gurugram",Gurugram,Haryana,"Sector 51, Gurugram, Haryana 122001",+91-124-4511111,,True,"[""Heart Centre"", ""Cancer Centre"", ""Neurosciences"", ""Orthopaedics"", ""Transplants"", ""Gastrosciences"", ""Pulmonology & Critical Care""]","[""JCI"", ""NABH""]",https://www.artemishospitals.com/,ArtemisPHR App,verified_official,2026-10-05,"[""SRC_ARTEMIS"", ""SRC_ARTEMIS_CONTACT""]",[]
H-BLR-001,"Manipal Hospital, Old Airport Road",Bengaluru,Karnataka,"98, HAL Old Airport Road, Kodihalli, Bengaluru, Karnataka 560017",1800 102 5555,650,True,"[""Cancer Care"", ""Cardiology"", ""CTVS"", ""Gastrointestinal Science"", ""Liver Transplant"", ""Nephrology"", ""Neurology"", ""Neurosurgery"", ""Orthopaedics"", ""Urology""]","[""NABH"", ""NABL""]",https://www.manipalhospitals.com/oldairportroad/hospitals/,Manipal online appointment / patient services,verified_official,2026-10-05,"[""SRC_MANIPAL_OAR"", ""SRC_MANIPAL_ABOUT""]",[]
H-BLR-002,Aster CMI Hospital,Bengaluru,Karnataka,"No. 43/2, New Airport Road, NH 44, Sahakar Nagar, Hebbal, Bengaluru, Karnataka 560092",080-4342-0100,500,True,"[""Cardiology"", ""Cardiac Surgery"", ""Medical Oncology"", ""Surgical Oncology"", ""Neurology"", ""Neurosurgery"", ""Nephrology"", ""Urology"", ""Liver Transplant""]",[],https://www.asterhospitals.in/hospitals/aster-cmi-bangalore,Aster online appointment / patient services,verified_official,2026-10-05,"[""SRC_ASTER_CMI""]",[]
H-BLR-003,"Narayana Institute of Cardiac Sciences, Bangalore",Bengaluru,Karnataka,"258/A, Bommasandra Industrial Area, Anekal Taluk, Hosur Road, Bangalore, Karnataka 560099",,,True,"[""Cardiac Sciences"", ""Cardiac Surgery"", ""Critical Care""]",[],https://www.narayanahealth.org/hospitals-clinics/bangalore,Narayana Health digital patient services,verified_official,2026-10-05,"[""SRC_NARAYANA_BLR""]",[]
