record_id,kind,name,official_source,additional_sources,review_date,retrieval_evidence,notes
apollo-kolkata,hospitals,Apollo Multispeciality Hospitals,https://www.apollohospitals.com/hospitals/apollo-hospitals-embypass-kolkata,https://www.apollohospitals.com/hospitals/apollo-hospitals-embypass-kolkata | https://www.apollohospitals.com/region/kolkata/contact-us/ | https://www.apollohospitals.com/kolkata,2026-10-05,search,"No prices, ratings, clinical outcomes or verified distances are asserted."
fortis-kolkata,hospitals,Fortis Hospital,https://www.fortishealthcare.com/location/fortis-hospital-anandapur-kolkata,https://www.fortishealthcare.com/location/fortis-hospital-anandapur-kolkata,2026-10-05,page,"No prices, ratings, clinical outcomes or verified distances are asserted."
apollo-chennai,hospitals,Apollo Hospitals,https://www.apollohospitals.com/hospitals/apollo-hospitals-greams-road-chennai,https://www.apollohospitals.com/hospitals/apollo-hospitals-greams-road-chennai,2026-10-05,page,"No prices, ratings, clinical outcomes or verified distances are asserted."
miot-chennai,hospitals,MIOT International,https://www.miotinternational.com/contact-us/get-in-touch/,https://www.miotinternational.com/contact-us/get-in-touch/ | https://www.miotinternational.com/,2026-10-05,page,"No prices, ratings, clinical outcomes or verified distances are asserted."
manipal-bengaluru,hospitals,Manipal Hospitals,https://www.manipalhospitals.com/oldairportroad/contact-us/,https://www.manipalhospitals.com/oldairportroad/contact-us/ | https://www.manipalhospitals.com/oldairportroad/specialities/cardiology/ | https://www.manipalhospitals.com/oldairportroad/specialities/ophthalmology/,2026-10-05,search,"No prices, ratings, clinical outcomes or verified distances are asserted."
max-delhi,hospitals,Max Super Speciality Hospital,https://www.maxhealthcare.in/hospital-network/max-super-speciality-hospital-saket,https://www.maxhealthcare.in/hospital-network/max-super-speciality-hospital-saket,2026-10-05,search,"No prices, ratings, clinical outcomes or verified distances are asserted."
hyatt-kolkata,hotels,Hyatt Regency Kolkata,https://www.hyatt.com/hyatt-regency/en-US/kolka-hyatt-regency-kolkata,https://www.hyatt.com/hyatt-regency/en-US/kolka-hyatt-regency-kolkata,2026-10-05,search,"No prices, ratings, clinical outcomes or verified distances are asserted."
vivanta-kolkata,hotels,"Vivanta Kolkata, EM Bypass",https://www.vivantahotels.com/en-in/hotels/vivanta-kolkata,https://www.vivantahotels.com/en-in/hotels/vivanta-kolkata | https://www.hotelassociationofindia.com/pdf/Kolkata/Vivanta%20Kolkata%20EM%20Bypass.pdf,2026-10-05,page,"No prices, ratings, clinical outcomes or verified distances are asserted."
hyatt-chennai,hotels,Hyatt Regency Chennai,https://www.hyatt.com/hyatt-regency/en-US/chenn-hyatt-regency-chennai,https://www.hyatt.com/hyatt-regency/en-US/chenn-hyatt-regency-chennai,2026-10-05,search,"No prices, ratings, clinical outcomes or verified distances are asserted."
lemon-shimona,hotels,"Lemon Tree Hotel, Shimona",https://www.lemontreehotels.com/lemon-tree-hotel/chennai/shimona-hotel-chennai,https://www.lemontreehotels.com/lemon-tree-hotel/chennai/shimona-hotel-chennai | https://www.lemontreehotels.com/chennai-hotels | https://www.lemontreehotels.com/lemon-tree-hotel/chennai/shimona-hotel-chennai/contact-us,2026-10-05,page,"No prices, ratings, clinical outcomes or verified distances are asserted."
royal-orchid,hotels,"Hotel Royal Orchid, Bangalore",https://www.royalorchidhotels.com/hotel-royal-orchid-bangalore/overview,https://www.royalorchidhotels.com/hotel-royal-orchid-bangalore/overview,2026-10-05,page,"No prices, ratings, clinical outcomes or verified distances are asserted."
hilton-saket,hotels,Hilton Garden Inn New Delhi/Saket,https://www.hilton.com/en-gb/hotels/delskgi-hilton-garden-inn-new-delhi-saket/,https://www.hilton.com/en-gb/hotels/delskgi-hilton-garden-inn-new-delhi-saket/,2026-10-05,page,"No prices, ratings, clinical outcomes or verified distances are asserted."
mahesh,doctors,Dr Mahesh Goenka,https://www.apollohospitals.com/doctors/gastroenterologist/kolkata/dr-mahesh-goenka,https://www.apollohospitals.com/doctors/gastroenterologist/kolkata/dr-mahesh-goenka,2026-10-05,search,"No prices, ratings, clinical outcomes or verified distances are asserted."
balbir,doctors,Dr Balbir Singh,https://www.maxhealthcare.in/doctor/dr-balbir-singh,https://www.maxhealthcare.in/doctor/dr-balbir-singh,2026-10-05,page,"No prices, ratings, clinical outcomes or verified distances are asserted."
ballal,doctors,Dr H. Sudarshan Ballal,https://www.manipalhospitals.com/oldairportroad/doctors/dr-h-sudarshan-ballal-kidney-transplant-physician-nephrology/,https://www.manipalhospitals.com/oldairportroad/doctors/dr-h-sudarshan-ballal-kidney-transplant-physician-nephrology/,2026-10-05,search,"No prices, ratings, clinical outcomes or verified distances are asserted."
deepak,doctors,Dr Deepak Balasubramanian,https://www.apollohospitals.com/hospitals/apollo-hospitals-greams-road-chennai,https://www.apollohospitals.com/hospitals/apollo-hospitals-greams-road-chennai,2026-10-05,page,"No prices, ratings, clinical outcomes or verified distances are asserted."
anbukarasi,doctors,Dr Anbukarasi Maran,https://www.apollohospitals.com/hospitals/apollo-hospitals-greams-road-chennai,https://www.apollohospitals.com/hospitals/apollo-hospitals-greams-road-chennai,2026-10-05,page,"No prices, ratings, clinical outcomes or verified distances are asserted."
veerabahu,doctors,Dr Veerabahu Muthusamy,https://www.apollohospitals.com/hospitals/apollo-hospitals-greams-road-chennai,https://www.apollohospitals.com/hospitals/apollo-hospitals-greams-road-chennai,2026-10-05,page,"No prices, ratings, clinical outcomes or verified distances are asserted."
apollo-delhi,hospitals,"Apollo Hospitals, Delhi",https://www.apollohospitals.com/hospitals/apollo-hospitals-delhi,https://www.apollohospitals.com/facilities/hospitals,2026-10-05,page,Official listing/address. Branch departments not confirmed. No static hotel relationship or rates asserted; Maps search is user-initiated.
apollo-mumbai,hospitals,"Apollo Hospitals, Mumbai",https://www.apollohospitals.com/hospitals/apollo-hospitals-mumbai,https://www.apollohospitals.com/facilities/hospitals,2026-10-05,page,Official listing/address. Branch departments not confirmed. No static hotel relationship or rates asserted; Maps search is user-initiated.
apollo-lucknow,hospitals,Apollo Medics Super Speciality Hospitals,https://www.apollohospitals.com/hospitals/apollo-hospitals-lucknow,https://www.apollohospitals.com/facilities/hospitals,2026-10-05,page,Official listing/address. Branch departments not confirmed. No static hotel relationship or rates asserted; Maps search is user-initiated.
apollo-vizag,hospitals,Apollo Hospitals Health City,https://www.apollohospitals.com/hospitals/apollo-hospitals-health-city-arilova-vizag,https://www.apollohospitals.com/facilities/hospitals,2026-10-05,page,Official listing/address. Branch departments not confirmed. No static hotel relationship or rates asserted; Maps search is user-initiated.
apollo-guwahati,hospitals,"Apollo Hospitals, Guwahati",https://www.apollohospitals.com/hospitals/apollo-hospitals-guwahati,https://www.apollohospitals.com/facilities/hospitals,2026-10-05,page,Official listing/address. Branch departments not confirmed. No static hotel relationship or rates asserted; Maps search is user-initiated.
apollo-bhubaneswar,hospitals,"Apollo Hospitals, Bhubaneswar",https://www.apollohospitals.com/hospitals/apollo-hospitals-bhubaneswar,https://www.apollohospitals.com/facilities/hospitals,2026-10-05,page,Official listing/address. Branch departments not confirmed. No static hotel relationship or rates asserted; Maps search is user-initiated.
apollo-pune,hospitals,"Apollo Speciality Hospital, Pune",https://www.apollohospitals.com/hospitals/pune,https://www.apollohospitals.com/facilities/hospitals,2026-10-05,page,Official listing/address. Branch departments not confirmed. No static hotel relationship or rates asserted; Maps search is user-initiated.
apollo-gurugram,hospitals,"Apollo Hospitals, Gurugram",https://www.apollohospitals.com/hospitals/gurugram,https://www.apollohospitals.com/facilities/hospitals,2026-10-05,page,Official listing/address. Branch departments not confirmed. No static hotel relationship or rates asserted; Maps search is user-initiated.
apollo-noida,hospitals,"Apollo Hospitals, Noida",https://www.apollohospitals.com/hospitals/apollo-hospitals-noida,https://www.apollohospitals.com/facilities/hospitals,2026-10-05,page,Official listing/address. Branch departments not confirmed. No static hotel relationship or rates asserted; Maps search is user-initiated.
apollo-indore,hospitals,"Apollo Hospitals, Indore",https://www.apollohospitals.com/hospitals/apollo-hospitals-indore,https://www.apollohospitals.com/facilities/hospitals,2026-10-05,page,Official listing/address. Branch departments not confirmed. No static hotel relationship or rates asserted; Maps search is user-initiated.
apollo-firstmed-chennai,hospitals,Apollo Firstmed Hospital,https://www.apollohospitals.com/hospitals/apollo-firstmed-hospital-chennai,https://www.apollohospitals.com/facilities/hospitals,2026-10-05,page,Official listing/address. Branch departments not confirmed. No static hotel relationship or rates asserted; Maps search is user-initiated.
apollo-jayanagar,hospitals,"Apollo Speciality Hospital, Jayanagar",https://www.apollohospitals.com/hospitals/apollo-speciality-hospital-jayanagar,https://www.apollohospitals.com/facilities/hospitals,2026-10-05,page,Official listing/address. Branch departments not confirmed. No static hotel relationship or rates asserted; Maps search is user-initiated.
medanta-gurugram,hospitals,Medanta – The Medicity,https://www.medanta.org/contact-us,,2026-10-05,page,Official listing/address. Branch departments not confirmed. No static hotel relationship or rates asserted; Maps search is user-initiated.
medanta-lucknow,hospitals,Medanta Super Speciality Hospital,https://www.medanta.org/contact-us,,2026-10-05,page,Official listing/address. Branch departments not confirmed. No static hotel relationship or rates asserted; Maps search is user-initiated.
medanta-patna,hospitals,Jay Prabha Medanta Super Speciality Hospital,https://www.medanta.org/contact-us,,2026-10-05,page,Official listing/address. Branch departments not confirmed. No static hotel relationship or rates asserted; Maps search is user-initiated.
medanta-indore,hospitals,Medanta Super Speciality Hospital,https://www.medanta.org/contact-us,,2026-10-05,page,Official listing/address. Branch departments not confirmed. No static hotel relationship or rates asserted; Maps search is user-initiated.
h-chn-002,official hospital page,https://mgmhealthcare.in/,2026-10-05,needs_review,,,
h-chn-004,official hospital page,https://www.kauveryhospital.com/our-locations/chennai/,2026-10-05,needs_review,,,
h-hyd-001,official hospital page,https://www.yashodahospitals.com/locations/hitec-city/,2026-10-05,needs_review,,,
h-hyd-002,official hospital page,https://www.carehospitals.com/hospitals/hyderabad/care-hospital-banjara-hills,2026-10-05,needs_review,,,
h-hyd-002,official hospital page,https://www.carehospitals.com/speciality-and-treatments/hyderabad/care-hospital-banjara-hills,2026-10-05,needs_review,,,
h-hyd-003,official hospital page,https://aighospitals.com/,2026-10-05,needs_review,,,
h-ncr-001,official hospital page,https://www.medanta.org/hospitals-near-me/gurugram-hospital,2026-10-05,needs_review,,,
h-ncr-001,official hospital page,https://portal.nabh.co/Documents/AccreditedList/Hospitals/H-2011-0073_5th%20Edition.pdf,2026-10-05,needs_review,,,
h-ncr-002,official hospital page,https://www.fortishealthcare.com/location/fortis-memorial-research-institute-gurgaon,2026-10-05,needs_review,,,
h-ncr-004,official hospital page,https://www.maxhealthcare.in/international/en/hospital/blk-max-super-speciality-hospital,2026-10-05,needs_review,,,
h-ncr-004,official hospital page,https://www.maxhealthcare.in/contact-us,2026-10-05,needs_review,,,
h-ncr-005,official hospital page,https://www.artemishospitals.com/,2026-10-05,needs_review,,,
h-ncr-005,official hospital page,https://www.artemishospitals.com/contact-us,2026-10-05,needs_review,,,
h-blr-002,official hospital page,https://www.asterhospitals.in/hospitals/aster-cmi-bangalore,2026-10-05,needs_review,,,
h-blr-003,official hospital page,https://www.narayanahealth.org/hospitals-clinics/bangalore,2026-10-05,needs_review,,,
h-chn-005,official hospital page,https://www.apollohospitals.com/chennai/apollo-proton-cancer-centre,2026-10-05,needs_review,,,
h-ncr-006,official hospital page,https://www.apollohospitals.com/delhi,2026-10-05,needs_review,,,
apollo-secunderabad,official hospital page,https://www.apollohospitals.com/hospitals/apollo-hospitals-secunderabad,2026-10-05,needs_review,,,
apollo-hyderguda,official hospital page,https://www.apollohospitals.com/hospitals/apollo-hospitals-hyderguda,2026-10-05,needs_review,,,
apollo-drdo,official hospital page,https://www.apollohospitals.com/hospitals/apollo-hospitals-drdo-kanchanbagh,2026-10-05,needs_review,,,
apollo-financial-district,official hospital page,https://www.apollohospitals.com/hospitals/apollo-hospitals-financial-district,2026-10-05,needs_review,,,
apollo-jubilee-city,official hospital page,https://www.apollohospitals.com/hospitals/apollo-health-city-jubilee-hills,2026-10-05,needs_review,,,
apollo-cancer-electronic-city,official hospital page,https://www.apollohospitals.com/hospitals/apollo-cancer-centre-electronic-city-bangalore,2026-10-05,needs_review,,,
apollo-sarjapur,official hospital page,https://www.apollohospitals.com/hospitals/apollo-hospitals-sarjapur-road,2026-10-05,needs_review,,,
fortis-kidney-kolkata,official hospital page,https://www.fortishealthcare.com/location/fortis-hospital-kidney-institute-kolkata,2026-10-05,needs_review,,,
apollo-kol-sumanto,doctors,Dr Sumanto Mukhopadhyay,https://www.apollohospitals.com/doctors/cardiologist/kolkata/dr-sumanto-mukhopadhyay,https://www.apollohospitals.com/doctors/cardiologist/kolkata/dr-sumanto-mukhopadhyay,2026-10-06,official_profile,"Official source checked; identity/location only. No unverified photo, rate, rating or distance asserted."
apollo-kol-uday-shankar,doctors,Dr Uday Shankar Das,https://www.apollohospitals.com/doctors/cardiologist/kolkata/dr-uday-shankar-das,https://www.apollohospitals.com/doctors/cardiologist/kolkata/dr-uday-shankar-das,2026-10-06,official_profile,"Official source checked; identity/location only. No unverified photo, rate, rating or distance asserted."
apollo-kol-bhabatosh,doctors,Dr Bhabatosh Biswas,https://www.apollohospitals.com/doctors/cardiothoracic-and-vascular-surgery/kolkata/dr-bhabatosh-biswas,https://www.apollohospitals.com/doctors/cardiothoracic-and-vascular-surgery/kolkata/dr-bhabatosh-biswas,2026-10-06,official_profile,"Official source checked; identity/location only. No unverified photo, rate, rating or distance asserted."
apollo-kol-swapan-de,doctors,Dr Swapan Kumar De,https://www.apollohospitals.com/doctors/cardiologist/kolkata/dr-swapan-kumar-de,https://www.apollohospitals.com/doctors/cardiologist/kolkata/dr-swapan-kumar-de,2026-10-06,official_profile,"Official source checked; identity/location only. No unverified photo, rate, rating or distance asserted."
apollo-kol-sushan-mukhopadhyay,doctors,Dr Sushan Mukhopadhyay,https://www.apollohospitals.com/doctors/cardiothoracic-and-vascular-surgery/kolkata/dr-sushan-mukhopadhyay,https://www.apollohospitals.com/doctors/cardiothoracic-and-vascular-surgery/kolkata/dr-sushan-mukhopadhyay,2026-10-06,official_profile,"Official source checked; identity/location only. No unverified photo, rate, rating or distance asserted."
apollo-kol-tamashis-mukherjee,doctors,Dr Tamashis Mukherjee,https://www.apollohospitals.com/doctors/cardiothoracic-and-vascular-surgery/kolkata/dr-tamashis-mukherjee,https://www.apollohospitals.com/doctors/cardiothoracic-and-vascular-surgery/kolkata/dr-tamashis-mukherjee,2026-10-06,official_profile,"Official source checked; identity/location only. No unverified photo, rate, rating or distance asserted."
apollo-kol-suvro-banerjee,doctors,Dr Suvro Banerjee,https://www.apollohospitals.com/doctors/cardiologist/kolkata/dr-suvro-banerjee,https://www.apollohospitals.com/doctors/cardiologist/kolkata/dr-suvro-banerjee,2026-10-06,official_profile,"Official source checked; identity/location only. No unverified photo, rate, rating or distance asserted."
apollo-kol-debashis-ghosh,doctors,Dr Debashis Ghosh,https://www.apollohospitals.com/doctors/cardiologist/kolkata/dr-debashis-ghosh,https://www.apollohospitals.com/doctors/cardiologist/kolkata/dr-debashis-ghosh,2026-10-06,official_profile,"Official source checked; identity/location only. No unverified photo, rate, rating or distance asserted."
apollo-kol-pc-mondal,doctors,Dr P C Mondal,https://www.apollohospitals.com/doctors/cardiologist/kolkata/dr-p-c-mondal,https://www.apollohospitals.com/doctors/cardiologist/kolkata/dr-p-c-mondal,2026-10-06,official_profile,"Official source checked; identity/location only. No unverified photo, rate, rating or distance asserted."
apollo-kol-sankha-subhra,doctors,Dr Sankha Subhra Das,https://www.apollohospitals.com/doctors/cardiologist/kolkata/dr-sankha-subhra-das,https://www.apollohospitals.com/doctors/cardiologist/kolkata/dr-sankha-subhra-das,2026-10-06,official_profile,"Official source checked; identity/location only. No unverified photo, rate, rating or distance asserted."
apollo-kol-aftab-khan,doctors,Dr Aftab Khan,https://www.apollohospitals.com/doctors/cardiologist/kolkata/dr-aftab-khan,https://www.apollohospitals.com/doctors/cardiologist/kolkata/dr-aftab-khan,2026-10-06,official_profile,"Official source checked; identity/location only. No unverified photo, rate, rating or distance asserted."
fortis-kol-aditya-verma,doctors,Dr Aditya Verma,https://www.fortishealthcare.com/doctors/dr-aditya-verma-8309,https://www.fortishealthcare.com/doctors/dr-aditya-verma-8309,2026-10-06,official_profile,"Official source checked; identity/location only. No unverified photo, rate, rating or distance asserted."
fortis-kol-basabendra-choudhury,doctors,Dr Basabendra Choudhury,https://www.fortishealthcare.com/doctors/dr-basabendra-choudhury-7210,https://www.fortishealthcare.com/doctors/dr-basabendra-choudhury-7210,2026-10-06,official_profile,"Official source checked; identity/location only. No unverified photo, rate, rating or distance asserted."
fortis-kol-azizul-haque,doctors,Dr Azizul Haque,https://www.fortishealthcare.com/doctors/dr-azizul-haque-871,https://www.fortishealthcare.com/doctors/dr-azizul-haque-871,2026-10-06,official_profile,"Official source checked; identity/location only. No unverified photo, rate, rating or distance asserted."
fortis-kol-siddhartha-bandyopadhyay,doctors,Dr Siddhartha Bandyopadhyay,https://www.fortishealthcare.com/doctors/dr-siddhartha-bandyopadhyay-1556,https://www.fortishealthcare.com/doctors/dr-siddhartha-bandyopadhyay-1556,2026-10-06,official_profile,"Official source checked; identity/location only. No unverified photo, rate, rating or distance asserted."
medanta-gurugram-gautam-gaurav,doctors,Dr Gautam Kumar Gaurav,https://www.medanta.org/hospitals-near-me/gurugram-hospital/speciality/cardiology/doctor/dr-gautam-kumar-gaurav,https://www.medanta.org/hospitals-near-me/gurugram-hospital/speciality/cardiology/doctor/dr-gautam-kumar-gaurav,2026-10-06,official_profile,"Official source checked; identity/location only. No unverified photo, rate, rating or distance asserted."
medanta-gurugram-rajneesh-kapoor,doctors,Dr Rajneesh Kapoor,https://www.medanta.org/hospitals-near-me/gurugram-hospital/speciality/cardiology/doctor/dr-rajneesh-kapoor,https://www.medanta.org/hospitals-near-me/gurugram-hospital/speciality/cardiology/doctor/dr-rajneesh-kapoor,2026-10-06,official_profile,"Official source checked; identity/location only. No unverified photo, rate, rating or distance asserted."
medanta-gurugram-praveen-chandra,doctors,Dr Praveen Chandra,https://www.medanta.org/hospitals-near-me/gurugram-hospital/speciality/cardiology/doctor/dr-praveen-chandra,https://www.medanta.org/hospitals-near-me/gurugram-hospital/speciality/cardiology/doctor/dr-praveen-chandra,2026-10-06,official_profile,"Official source checked; identity/location only. No unverified photo, rate, rating or distance asserted."
medanta-gurugram-vinay-goyal,doctors,Dr Vinay Goyal,https://www.medanta.org/hospitals-near-me/gurugram-hospital/speciality/neurology/doctor/dr-vinay-goyal,https://www.medanta.org/hospitals-near-me/gurugram-hospital/speciality/neurology/doctor/dr-vinay-goyal,2026-10-06,official_profile,"Official source checked; identity/location only. No unverified photo, rate, rating or distance asserted."
tulip-inn-gurugram,hotels,Tulip Inn Gurugram,https://www.sarovarhotels.com/tulip-inn-gurugram-near-medanta/special-offers.html,https://www.sarovarhotels.com/tulip-inn-gurugram-near-medanta/special-offers.html,2026-10-06,official_property_page,"Official source checked; identity/location only. No unverified photo, rate, rating or distance asserted."
itc-kohenur-hyderabad,hotels,"ITC Kohenur, Hyderabad",https://www.itchotels.com/in/en/itckohenur-hyderabad,https://www.itchotels.com/in/en/itckohenur-hyderabad,2026-10-06,official_property_page,"Official source checked; identity/location only. No unverified photo, rate, rating or distance asserted."
taj-club-house-chennai,hotels,"Taj Club House, Chennai",https://www.tajhotels.com/en-in/hotels/taj-club-house-chennai,https://www.tajhotels.com/en-in/hotels/taj-club-house-chennai,2026-10-06,official_property_page,"Official source checked; identity/location only. No unverified photo, rate, rating or distance asserted."
hyatt-centric-hebbal,hotels,Hyatt Centric Hebbal Bengaluru,https://www.hyatt.com/hyatt-centric/en-US/blrch-hyatt-centric-hebbal-bengaluru/hotel-info,https://www.hyatt.com/hyatt-centric/en-US/blrch-hyatt-centric-hebbal-bengaluru/hotel-info,2026-10-06,official_property_page,"Official source checked; identity/location only. No unverified photo, rate, rating or distance asserted."
westin-gurgaon,hotels,"The Westin Gurgaon, New Delhi",https://www.marriott.com/en-us/hotels/delwi-the-westin-gurgaon-new-delhi/overview/,https://www.marriott.com/en-us/hotels/delwi-the-westin-gurgaon-new-delhi/overview/,2026-10-06,official_property_page,"Official source checked; identity/location only. No unverified photo, rate, rating or distance asserted."
